epoch,time,train/box_loss,train/pose_loss,train/kobj_loss,train/cls_loss,train/l1_loss,train/rle_loss,train/structure_loss,metrics/precision(B),metrics/recall(B),metrics/mAP50(B),metrics/mAP50-95(B),metrics/precision(P),metrics/recall(P),metrics/mAP50(P),metrics/mAP50-95(P),metrics/normalized_MRE(P),metrics/PCK@1%(P),val/box_loss,val/pose_loss,val/kobj_loss,val/cls_loss,val/l1_loss,val/rle_loss,val/structure_loss,lr/pg0,lr/pg1,lr/pg2
1,54.7497,1.4199,4.06371,0.11156,22.8742,0.04038,0,0.03645,0.90939,0.8401,0.92076,0.4364,0.77245,0.7101,0.68494,0.3692,2.78418,0.31234,1.87788,2.38674,0.00411,0.76052,0.04878,0,0.01907,0.00016572,0.00016572,0.0670218
2,107.486,0.79511,0.81824,0.00715,0.24443,0.01981,0,0.01002,0.96899,0.94202,0.97702,0.76402,0.93386,0.90903,0.92179,0.7614,1.43766,0.70711,0.73347,0.78635,0.00157,0.3,0.01672,0,0.00845,0.000329096,0.000329096,0.0338518
3,1894.1,0.70342,0.45889,0.00789,0.20659,0.01713,0,0.00704,0.98811,0.98351,0.99389,0.81569,0.96631,0.96203,0.96612,0.84614,0.92373,0.77266,0.68721,0.6106,0.00159,0.21225,0.01575,0,0.00852,0.000489172,0.000489172,0.000678566
4,2016.84,0.63097,0.35652,0.00236,0.18422,0.01519,0,0.00617,0.98877,0.98565,0.99475,0.8056,0.97591,0.97906,0.98423,0.92528,0.65533,0.85787,0.66602,0.36608,0.00089,0.203,0.01481,0,0.00698,0.00048515,0.00048515,0.00048515
5,2140.28,0.60372,0.37604,0.00441,0.18009,0.01458,0,0.00572,0.98558,0.98728,0.99395,0.74234,0.96711,0.97337,0.97683,0.92423,0.82201,0.85577,0.86026,0.41317,0.00097,0.2488,0.01943,0,0.00595,0.0004802,0.0004802,0.0004802
6,2261.88,0.52581,0.28334,0.00378,0.15469,0.01283,0,0.00512,0.99275,0.99712,0.99485,0.7885,0.98382,0.98863,0.98483,0.95484,0.54844,0.91996,0.69275,0.25262,0.00116,0.19306,0.01607,0,0.00524,0.00047525,0.00047525,0.00047525
7,2385.81,0.47603,0.23071,0.00393,0.14924,0.01155,0,0.00474,0.99266,0.9912,0.99484,0.76629,0.97863,0.97868,0.9825,0.95787,0.52495,0.92867,0.82963,0.26121,0.00055,0.23435,0.01808,0,0.00502,0.0004703,0.0004703,0.0004703
8,2509.54,0.47332,0.21394,0.00574,0.14236,0.01148,0,0.0046,0.99335,0.98997,0.99485,0.89922,0.98734,0.98398,0.99147,0.97635,0.45673,0.9512,0.42377,0.19709,0.00077,0.13427,0.0093,0,0.00462,0.00046535,0.00046535,0.00046535
9,2632.54,0.44342,0.18951,0.00375,0.14035,0.01062,0,0.0047,0.99403,0.99067,0.99488,0.86475,0.99394,0.9859,0.98871,0.97488,0.46672,0.9491,0.50228,0.19823,0.00083,0.15297,0.01146,0,0.00463,0.0004604,0.0004604,0.0004604
10,2754.26,0.42395,0.14705,0.00347,0.13005,0.01029,0,0.00422,0.99193,0.99582,0.99488,0.85323,0.98095,0.98482,0.98532,0.97395,0.45238,0.95285,0.511,0.20565,0.00048,0.15344,0.01107,0,0.00441,0.00045545,0.00045545,0.00045545
11,2877.25,0.41833,0.18124,0.00356,0.13392,0.00999,0,0.0041,0.99683,0.99529,0.99495,0.85569,0.98073,0.9905,0.984,0.97453,0.43365,0.95976,0.49631,0.20183,0.00041,0.15124,0.01076,0,0.00421,0.0004505,0.0004505,0.0004505
12,2999.55,0.40601,0.17708,0.00348,0.13268,0.00986,0,0.00406,0.98918,0.99886,0.99485,0.90119,0.9783,0.99201,0.98921,0.97438,0.44792,0.95495,0.40852,0.19196,0.00042,0.12743,0.00897,0,0.00425,0.00044555,0.00044555,0.00044555
13,3121.24,0.40816,0.2303,0.00345,0.13166,0.00997,0,0.00411,0.99693,0.99429,0.9949,0.88606,0.9909,0.98829,0.99118,0.98184,0.41086,0.96396,0.45861,0.15361,0.0005,0.13566,0.01,0,0.0042,0.0004406,0.0004406,0.0004406
14,3244.31,0.38751,0.1269,0.00217,0.11721,0.00919,0,0.00377,0.99302,0.99488,0.9949,0.86716,0.98539,0.98697,0.98498,0.96974,0.57149,0.95998,0.47824,0.19749,0.00082,0.14406,0.01051,0,0.00417,0.00043565,0.00043565,0.00043565
15,3357.82,0.35767,0.13777,0.00615,0.11882,0.00861,0,0.0037,0.98835,0.99701,0.99492,0.87146,0.98241,0.99101,0.98516,0.98164,0.41247,0.96952,0.49834,0.16718,0.00079,0.15127,0.01083,0,0.00398,0.0004307,0.0004307,0.0004307
16,3408.2,0.35706,0.14899,0.00556,0.11359,0.00864,0,0.00378,0.99686,0.998,0.995,0.90298,0.98837,0.98951,0.98522,0.97999,0.38027,0.97305,0.40799,0.16124,0.00051,0.12897,0.00893,0,0.00379,0.00042575,0.00042575,0.00042575
17,3460.71,0.35981,0.14503,0.003,0.11471,0.00872,0,0.00375,0.99355,1,0.995,0.89357,0.98217,0.989,0.98511,0.97867,0.39634,0.96982,0.43359,0.16465,0.00065,0.1298,0.00927,0,0.00385,0.0004208,0.0004208,0.0004208
18,3511.04,0.352,0.1696,0.00284,0.1111,0.00849,0,0.00379,0.999,0.99878,0.99499,0.87884,0.9955,0.9953,0.99396,0.98841,0.37895,0.97395,0.46798,0.13907,0.00062,0.13416,0.00995,0,0.00398,0.00041585,0.00041585,0.00041585
19,3563.54,0.35349,0.11554,0.00344,0.10806,0.00838,0,0.00359,0.99955,0.9987,0.995,0.92089,0.99603,0.99521,0.99407,0.98692,0.36137,0.97492,0.36689,0.13411,0.00061,0.11062,0.00799,0,0.00384,0.0004109,0.0004109,0.0004109
20,3613.2,0.34089,0.1316,0.00194,0.11188,0.00813,0,0.00355,0.99937,0.99519,0.995,0.83384,0.99233,0.98821,0.98427,0.97719,0.38378,0.96854,0.53187,0.16179,0.00083,0.15292,0.01163,0,0.00394,0.00040595,0.00040595,0.00040595
21,3663.58,0.336,0.10953,0.00409,0.10343,0.00808,0,0.00348,0.999,0.99639,0.995,0.88203,0.99298,0.99039,0.9862,0.98044,0.38488,0.96899,0.47889,0.1556,0.00063,0.1394,0.01019,0,0.00385,0.000401,0.000401,0.000401
22,3712.95,0.35072,0.12898,0.00345,0.11404,0.00834,0,0.00354,0.99488,0.99133,0.99488,0.88988,0.98883,0.98535,0.98522,0.97848,0.36768,0.97245,0.43836,0.15038,0.00084,0.13135,0.00954,0,0.0038,0.00039605,0.00039605,0.00039605
23,3763.88,0.33005,0.10587,0.00299,0.10535,0.00787,0,0.00349,0.99852,0.99787,0.995,0.90108,0.99502,0.99438,0.99313,0.98531,0.36129,0.97597,0.40991,0.13442,0.0006,0.12519,0.00884,0,0.00376,0.0003911,0.0003911,0.0003911
24,3814.96,0.32462,0.10317,0.0033,0.10816,0.00774,0,0.00349,0.99585,0.98768,0.99473,0.92209,0.98573,0.97936,0.99286,0.98849,0.37538,0.97267,0.35835,0.13016,0.00055,0.12029,0.00775,0,0.00371,0.00038615,0.00038615,0.00038615
25,3866.3,0.31177,0.09373,0.00306,0.10151,0.00746,0,0.00335,0.99878,0.99681,0.995,0.91705,0.98929,0.98732,0.98822,0.98437,0.35222,0.97778,0.37027,0.15001,0.0005,0.11294,0.00807,0,0.00359,0.0003812,0.0003812,0.0003812
26,3918.07,0.30766,0.10076,0.00378,0.09861,0.00742,0,0.00328,0.99769,0.998,0.995,0.91173,0.99169,0.99201,0.98738,0.98099,0.36726,0.97627,0.35861,0.15249,0.00069,0.11091,0.00777,0,0.0037,0.00037625,0.00037625,0.00037625
27,3968.23,0.32063,0.13197,0.00303,0.1094,0.00773,0,0.00342,0.99777,0.9921,0.99497,0.90811,0.98995,0.98407,0.98474,0.97929,0.36506,0.97162,0.39109,0.15542,0.00044,0.12177,0.00838,0,0.00372,0.0003713,0.0003713,0.0003713
28,4019.21,0.30521,0.09693,0.00364,0.1037,0.00718,0,0.00329,0.99854,0.99005,0.99495,0.92152,0.99147,0.98306,0.98519,0.98095,0.35952,0.9765,0.36733,0.14331,0.00064,0.1169,0.00793,0,0.00356,0.00036635,0.00036635,0.00036635
29,4070.29,0.30321,0.10115,0.0047,0.09541,0.00728,0,0.00327,0.99996,0.99874,0.995,0.93242,0.99613,0.99416,0.9945,0.99204,0.33533,0.97988,0.325,0.1055,0.0005,0.09976,0.00709,0,0.00349,0.0003614,0.0003614,0.0003614
30,4123.17,0.28934,0.07947,0.00187,0.09174,0.00682,0,0.00334,0.99625,0.99816,0.995,0.93233,0.98529,0.98717,0.9907,0.98158,0.36736,0.97477,0.34786,0.15676,0.00065,0.11021,0.00747,0,0.00367,0.00035645,0.00035645,0.00035645
31,4172.7,0.30186,0.11698,0.00469,0.09828,0.00723,0,0.00345,0.99295,0.99563,0.9949,0.91474,0.97574,0.9751,0.97355,0.96973,0.39418,0.96877,0.36059,0.19247,0.00045,0.12032,0.00785,0,0.00364,0.0003515,0.0003515,0.0003515
32,4222.65,0.30065,0.12356,0.00313,0.09519,0.00717,0,0.00338,0.99973,0.99115,0.99495,0.90599,0.99641,0.98728,0.99252,0.9863,0.34977,0.97642,0.39242,0.12986,0.00076,0.12336,0.00845,0,0.00361,0.00034655,0.00034655,0.00034655
33,4271.62,0.28895,0.13735,0.00479,0.09172,0.00703,0,0.00332,0.99739,0.99089,0.995,0.92135,0.99132,0.9849,0.98807,0.98525,0.3512,0.9765,0.35819,0.14701,0.00048,0.1144,0.00767,0,0.00348,0.0003416,0.0003416,0.0003416
34,4323.17,0.28043,0.09272,0.00331,0.09387,0.00676,0,0.00317,0.99735,0.9965,0.99497,0.91621,0.99285,0.99201,0.99219,0.98725,0.31753,0.98063,0.36773,0.11363,0.00038,0.11718,0.00778,0,0.00336,0.00033665,0.00033665,0.00033665
35,4374.64,0.27332,0.10257,0.00291,0.08937,0.00656,0,0.00318,0.99415,0.9995,0.99498,0.93108,0.98968,0.99501,0.99347,0.98814,0.31973,0.98258,0.32002,0.11424,0.00053,0.1027,0.00693,0,0.00335,0.0003317,0.0003317,0.0003317
36,4426.63,0.26981,0.07607,0.00153,0.08713,0.00641,0,0.00316,0.99706,0.99762,0.99498,0.93543,0.98758,0.98814,0.98833,0.98436,0.34455,0.97935,0.31334,0.1462,0.00039,0.09917,0.00683,0,0.00343,0.00032675,0.00032675,0.00032675
37,4477.16,0.27044,0.07476,0.00167,0.08601,0.00642,0,0.00309,0.99751,0.9995,0.99498,0.92204,0.99054,0.99251,0.98705,0.98427,0.3379,0.98063,0.35498,0.12887,0.00048,0.10687,0.00759,0,0.00336,0.0003218,0.0003218,0.0003218
38,4528.6,0.26907,0.10053,0.00271,0.0924,0.00646,0,0.00313,0.99701,0.998,0.995,0.93267,0.98743,0.98881,0.99267,0.98851,0.34484,0.97935,0.34409,0.13898,0.00039,0.10766,0.00735,0,0.00335,0.00031685,0.00031685,0.00031685
39,4577.24,0.2703,0.10142,0.00209,0.08313,0.00645,0,0.00307,0.99721,0.9889,0.99488,0.92866,0.99369,0.9854,0.99308,0.98856,0.31305,0.98251,0.3266,0.10761,0.00033,0.10624,0.00696,0,0.00328,0.0003119,0.0003119,0.0003119
40,4628.53,0.27228,0.12257,0.00325,0.08641,0.00655,0,0.0032,0.9954,0.999,0.99498,0.94612,0.98694,0.9905,0.98736,0.98418,0.35156,0.97778,0.29761,0.12758,0.00036,0.0979,0.00642,0,0.00338,0.00030695,0.00030695,0.00030695
41,4677.36,0.25913,0.07981,0.00163,0.08509,0.00617,0,0.00325,0.99673,0.99785,0.995,0.93849,0.98867,0.99299,0.98797,0.98532,0.34478,0.97785,0.31242,0.13127,0.00036,0.09831,0.00672,0,0.0034,0.000302,0.000302,0.000302
42,4727.55,0.2779,0.10719,0.00198,0.09059,0.00667,0,0.00316,0.99883,0.9994,0.995,0.94571,0.99184,0.9924,0.9936,0.98947,0.3273,0.9804,0.30199,0.11438,0.00036,0.09506,0.00646,0,0.00334,0.00029705,0.00029705,0.00029705
43,4777.03,0.25077,0.0686,0.00091,0.07871,0.00592,0,0.00303,0.99502,0.99962,0.99498,0.93322,0.98805,0.99266,0.9911,0.98572,0.33029,0.98085,0.31898,0.11163,0.00025,0.10561,0.0068,0,0.00327,0.0002921,0.0002921,0.0002921
44,4828.71,0.2658,0.0741,0.00264,0.0836,0.00633,0,0.00305,0.99965,0.99448,0.995,0.95571,0.99262,0.9875,0.98778,0.98591,0.46525,0.98206,0.27609,0.12821,0.00027,0.09459,0.00596,0,0.0033,0.00028715,0.00028715,0.00028715
45,4879.51,0.25513,0.08167,0.00399,0.08462,0.0061,0,0.003,0.99911,0.99998,0.995,0.9519,0.99211,0.99299,0.99281,0.98866,0.31296,0.98386,0.28405,0.10814,0.00033,0.0908,0.00606,0,0.00325,0.0002822,0.0002822,0.0002822
46,4931.98,0.25373,0.06299,0.00112,0.07897,0.00601,0,0.00294,0.99978,1,0.995,0.9339,0.99037,0.9905,0.99168,0.98682,0.32486,0.98093,0.31831,0.13744,0.00019,0.09417,0.00681,0,0.00323,0.00027725,0.00027725,0.00027725
47,4982.52,0.24195,0.06391,0.00328,0.0809,0.00576,0,0.00291,0.99808,0.9975,0.995,0.94885,0.99107,0.9905,0.99313,0.98826,0.30951,0.98468,0.29258,0.10591,0.00023,0.09385,0.00623,0,0.00318,0.0002723,0.0002723,0.0002723
48,5035.03,0.24134,0.06241,0.00154,0.07616,0.00577,0,0.00292,0.99642,0.99609,0.995,0.93556,0.98944,0.98909,0.9918,0.98645,0.31288,0.98386,0.30852,0.12176,0.00017,0.09901,0.00665,0,0.00321,0.00026735,0.00026735,0.00026735
49,5085.18,0.24967,0.08065,0.0025,0.0866,0.00597,0,0.00294,0.99878,0.99825,0.995,0.93673,0.99203,0.99435,0.99232,0.98857,0.30824,0.98363,0.31287,0.10461,0.00016,0.09894,0.00671,0,0.00315,0.0002624,0.0002624,0.0002624
50,5136.18,0.24201,0.06271,0.00229,0.0795,0.0058,0,0.00294,0.99634,0.99708,0.995,0.94882,0.99185,0.99258,0.99354,0.98982,0.29976,0.98558,0.29499,0.10572,0.00022,0.0972,0.00636,0,0.00325,0.00025745,0.00025745,0.00025745
51,5186.91,0.23674,0.07787,0.00167,0.07813,0.00563,0,0.00298,0.99615,0.9955,0.99497,0.94235,0.99265,0.99201,0.99272,0.98811,0.3093,0.98288,0.30388,0.10314,0.00026,0.10092,0.00651,0,0.00319,0.0002525,0.0002525,0.0002525
52,5238.57,0.22937,0.06052,0.00338,0.07623,0.00538,0,0.00289,0.99598,0.99943,0.995,0.94844,0.99149,0.99494,0.99228,0.98813,0.30636,0.98356,0.28389,0.10416,0.00019,0.09098,0.00606,0,0.00313,0.00024755,0.00024755,0.00024755
53,5288.87,0.23564,0.07299,0.00153,0.07625,0.00562,0,0.0028,0.99751,0.99941,0.995,0.95079,0.99303,0.99496,0.99376,0.98989,0.30614,0.98408,0.28723,0.10364,0.00016,0.09146,0.00609,0,0.00314,0.0002426,0.0002426,0.0002426
54,5339.09,0.21605,0.05983,0.00184,0.07074,0.00514,0,0.00283,0.99868,0.99733,0.995,0.95385,0.99166,0.99034,0.99235,0.98738,0.30769,0.98356,0.27852,0.10345,0.0002,0.09354,0.006,0,0.00314,0.00023765,0.00023765,0.00023765
55,5389.51,0.22547,0.05858,0.00328,0.07301,0.00542,0,0.00278,0.99808,0.999,0.995,0.94911,0.99223,0.99442,0.9933,0.98966,0.29922,0.98581,0.27978,0.09761,0.00021,0.09019,0.00599,0,0.00309,0.0002327,0.0002327,0.0002327
56,5440.41,0.23722,0.05727,0.00153,0.07842,0.00557,0,0.00284,1,0.99704,0.995,0.94462,0.9932,0.98958,0.98462,0.98233,0.30301,0.98363,0.27988,0.11863,0.00023,0.08869,0.00601,0,0.00314,0.00022775,0.00022775,0.00022775
57,5491.62,0.2369,0.0915,0.00158,0.0777,0.00573,0,0.0029,0.99945,0.99448,0.99497,0.94413,0.98679,0.9953,0.99198,0.98652,0.30996,0.98371,0.29286,0.10635,0.00023,0.09561,0.0063,0,0.00316,0.0002228,0.0002228,0.0002228
58,5542.54,0.24036,0.06188,0.00337,0.08127,0.00572,0,0.00285,0.99428,0.99883,0.995,0.95415,0.9898,0.99436,0.99366,0.98932,0.29019,0.98634,0.266,0.10073,0.00016,0.08924,0.00573,0,0.0031,0.00021785,0.00021785,0.00021785
59,5595.02,0.21403,0.07111,0.0013,0.07195,0.0051,0,0.00284,0.99871,0.99938,0.995,0.95499,0.99421,0.99489,0.9943,0.99018,0.28807,0.98611,0.27423,0.10031,0.00021,0.08685,0.00589,0,0.00308,0.0002129,0.0002129,0.0002129
60,5644.88,0.20642,0.05752,0.00175,0.073,0.00494,0,0.00279,0.99961,0.99964,0.995,0.94443,0.99511,0.99514,0.99369,0.9906,0.28946,0.98588,0.29539,0.10042,0.00017,0.09204,0.00632,0,0.00309,0.00020795,0.00020795,0.00020795
61,5696.85,0.21118,0.05701,0.00099,0.07152,0.00498,0,0.00286,0.99805,0.9965,0.995,0.94689,0.99103,0.98951,0.99221,0.98811,0.29796,0.98536,0.27883,0.11518,0.00021,0.09053,0.00599,0,0.00311,0.000203,0.000203,0.000203
62,5746.43,0.22132,0.06951,0.00114,0.07104,0.0053,0,0.00278,0.99767,1,0.995,0.94923,0.99319,0.99101,0.99344,0.98929,0.29651,0.98408,0.28076,0.11485,0.00019,0.0888,0.00604,0,0.00308,0.00019805,0.00019805,0.00019805
63,5797,0.20964,0.05149,0.00107,0.06809,0.00495,0,0.00267,0.99651,0.9989,0.995,0.95029,0.98974,0.99171,0.99337,0.9889,0.2974,0.98363,0.28361,0.10197,0.00014,0.09344,0.00608,0,0.00305,0.0001931,0.0001931,0.0001931
64,5846.95,0.21511,0.08127,0.00306,0.0686,0.00509,0,0.00274,0.99982,0.99492,0.995,0.9529,0.98812,0.99467,0.99315,0.98868,0.2972,0.98431,0.27474,0.10014,0.00018,0.09105,0.00586,0,0.00308,0.00018815,0.00018815,0.00018815
65,5898.14,0.21651,0.06772,0.00152,0.07448,0.00515,0,0.00279,0.99926,0.99514,0.995,0.94695,0.98752,0.99408,0.99259,0.98835,0.29678,0.98513,0.2841,0.09928,0.00021,0.09319,0.00611,0,0.00305,0.0001832,0.0001832,0.0001832
66,5948.66,0.20252,0.06963,0.00325,0.06849,0.00485,0,0.00275,0.99653,0.99952,0.99498,0.94893,0.99205,0.99503,0.99355,0.98991,0.28327,0.98701,0.2829,0.09786,0.00016,0.0891,0.00603,0,0.00303,0.00017825,0.00017825,0.00017825
67,6001.18,0.19684,0.05296,0.00068,0.06892,0.00464,0,0.00266,0.99964,0.99728,0.995,0.95278,0.99613,0.99379,0.99358,0.98985,0.28274,0.98709,0.26847,0.09678,0.00016,0.08581,0.00574,0,0.00302,0.0001733,0.0001733,0.0001733
68,6052.28,0.20287,0.05665,0.00137,0.07009,0.00479,0,0.00269,0.99864,1,0.995,0.95494,0.99265,0.994,0.98846,0.98765,0.29627,0.98558,0.27414,0.11315,0.00015,0.08805,0.00587,0,0.00304,0.00016835,0.00016835,0.00016835
69,6104.44,0.20744,0.06621,0.00103,0.06878,0.0049,0,0.00268,0.99781,0.99881,0.995,0.95656,0.99353,0.9904,0.99297,0.98868,0.29295,0.98521,0.26504,0.11251,0.00017,0.08539,0.0057,0,0.00301,0.0001634,0.0001634,0.0001634
70,6155.06,0.21114,0.05126,0.00441,0.07158,0.00503,0,0.00265,0.99866,0.9997,0.995,0.96114,0.99267,0.9937,0.99318,0.9892,0.29395,0.98566,0.25297,0.09632,0.00016,0.08467,0.00543,0,0.00301,0.00015845,0.00015845,0.00015845
71,6205.78,0.20185,0.06906,0.00085,0.06845,0.00483,0,0.00271,0.99984,0.99832,0.995,0.95779,0.99384,0.99233,0.9873,0.98528,0.29528,0.98603,0.26199,0.11215,0.00017,0.08348,0.00563,0,0.00304,0.0001535,0.0001535,0.0001535
72,6255.38,0.20868,0.05487,0.00191,0.06969,0.00495,0,0.00271,0.99737,0.99619,0.995,0.95013,0.99279,0.99171,0.99298,0.98986,0.2821,0.98701,0.28159,0.0973,0.00019,0.09359,0.006,0,0.00298,0.00014855,0.00014855,0.00014855
73,6307.88,0.19785,0.0511,0.0011,0.0665,0.00468,0,0.00261,0.99901,0.99736,0.995,0.95828,0.99449,0.99288,0.99425,0.99108,0.27961,0.98731,0.2657,0.09601,0.00017,0.08602,0.00567,0,0.00297,0.0001436,0.0001436,0.0001436
74,6357.35,0.19547,0.0592,0.00092,0.07321,0.00465,0,0.00266,0.99734,0.99993,0.995,0.9604,0.99285,0.99543,0.99419,0.98991,0.28081,0.98701,0.26606,0.09726,0.00015,0.08553,0.00567,0,0.00299,0.00013865,0.00013865,0.00013865
75,6407.37,0.19634,0.05192,0.00072,0.06482,0.00461,0,0.00264,0.99706,1,0.99498,0.95433,0.99258,0.9955,0.99337,0.98913,0.28912,0.98566,0.26635,0.09628,0.00013,0.0857,0.00569,0,0.00296,0.0001337,0.0001337,0.0001337
76,6455.86,0.204,0.06437,0.00169,0.06505,0.00483,0,0.00261,0.99848,0.999,0.995,0.95711,0.99374,0.99461,0.99271,0.9891,0.2884,0.98611,0.26501,0.09461,0.00013,0.08815,0.00567,0,0.00297,0.00012875,0.00012875,0.00012875
77,6508.34,0.19412,0.04955,0.00231,0.06336,0.00459,0,0.00261,0.99407,0.99927,0.99499,0.9559,0.9896,0.9948,0.99299,0.98941,0.27858,0.98664,0.26872,0.09659,0.00015,0.08986,0.00577,0,0.00296,0.0001238,0.0001238,0.0001238
78,6559.92,0.19626,0.08819,0.001,0.06691,0.00468,0,0.00261,0.99714,0.99898,0.99498,0.95924,0.99266,0.99448,0.99451,0.99094,0.27854,0.98686,0.26356,0.09627,0.00016,0.08699,0.00564,0,0.00295,0.00011885,0.00011885,0.00011885
79,6612.25,0.18764,0.049,0.00041,0.06661,0.00443,0,0.0026,0.99693,0.99952,0.99498,0.95717,0.99245,0.99502,0.99416,0.9905,0.2768,0.98724,0.26207,0.09551,0.00016,0.0851,0.00562,0,0.00295,0.0001139,0.0001139,0.0001139
80,6662.58,0.19688,0.04963,0.00259,0.07016,0.00465,0,0.00261,1,0.99873,0.995,0.95649,0.9955,0.99424,0.99425,0.99032,0.27667,0.98761,0.26375,0.09553,0.00016,0.08428,0.00564,0,0.00294,0.00010895,0.00010895,0.00010895
81,6714.43,0.18833,0.04416,0.00181,0.06548,0.00447,0,0.00243,0.99969,0.99983,0.995,0.95856,0.9952,0.99533,0.99408,0.99007,0.27602,0.98724,0.26186,0.09554,0.00014,0.0829,0.00559,0,0.00294,0.000104,0.000104,0.000104
82,6767.51,0.18392,0.05846,0.00217,0.06014,0.00436,0,0.00251,0.9963,0.99803,0.995,0.96106,0.99179,0.9937,0.9938,0.98929,0.27602,0.98731,0.25428,0.09538,0.00013,0.08591,0.00546,0,0.00294,9.905e-05,9.905e-05,9.905e-05
83,6819.36,0.18088,0.04623,0.00115,0.06314,0.00427,0,0.00251,0.99975,0.99835,0.995,0.95438,0.99525,0.99386,0.99391,0.98969,0.27663,0.98731,0.27136,0.09576,0.00012,0.08652,0.00579,0,0.00294,9.41e-05,9.41e-05,9.41e-05
84,6869.71,0.16945,0.04494,0.00175,0.05923,0.00406,0,0.00247,0.99903,0.999,0.995,0.95997,0.99453,0.99451,0.99387,0.99012,0.27463,0.98769,0.2583,0.09491,0.00013,0.08285,0.00552,0,0.00293,8.915e-05,8.915e-05,8.915e-05
85,6922.79,0.17967,0.04677,0.0019,0.06336,0.00426,0,0.00257,0.99957,0.99814,0.995,0.96229,0.99559,0.99351,0.99394,0.99026,0.27511,0.98754,0.25461,0.09513,0.00012,0.08374,0.00546,0,0.00293,8.42e-05,8.42e-05,8.42e-05
86,6973.09,0.17598,0.04507,0.00074,0.06089,0.00413,0,0.00247,0.99859,0.99971,0.995,0.96049,0.9941,0.99522,0.99409,0.99096,0.27426,0.98806,0.25568,0.09414,0.00013,0.08277,0.00546,0,0.00292,7.925e-05,7.925e-05,7.925e-05
87,7022.61,0.17597,0.04709,0.00085,0.05968,0.00413,0,0.00255,0.99749,0.99459,0.99497,0.96125,0.99043,0.993,0.99387,0.99017,0.28483,0.98656,0.24812,0.09383,0.00012,0.08426,0.00532,0,0.00292,7.43e-05,7.43e-05,7.43e-05
88,7074.89,0.1702,0.04336,0.00067,0.05923,0.00404,0,0.00246,0.99991,0.99597,0.995,0.95968,0.99616,0.99153,0.99419,0.99048,0.27244,0.98776,0.2558,0.09377,0.00012,0.08425,0.00548,0,0.0029,6.935e-05,6.935e-05,6.935e-05
89,7126.19,0.16832,0.04316,0.00193,0.05933,0.00402,0,0.00241,0.99833,0.99974,0.995,0.96178,0.99384,0.99525,0.9944,0.99072,0.272,0.98739,0.25334,0.09372,0.00012,0.08212,0.00542,0,0.00289,6.44e-05,6.44e-05,6.44e-05
90,7176.96,0.17159,0.04397,0.00132,0.05946,0.00408,0,0.00245,0.99988,0.99987,0.995,0.96251,0.99538,0.99537,0.99374,0.99007,0.27209,0.98791,0.24999,0.09355,0.00012,0.08003,0.00534,0,0.00289,5.945e-05,5.945e-05,5.945e-05
91,7226.85,0.17713,0.0741,0.00086,0.06031,0.00425,0,0.00255,0.9965,0.99617,0.99497,0.96169,0.992,0.99175,0.99364,0.98997,0.27179,0.98791,0.24872,0.09336,0.00012,0.0835,0.00533,0,0.00288,5.45e-05,5.45e-05,5.45e-05
92,7278.27,0.17059,0.07159,0.00058,0.06198,0.0041,0,0.00252,0.99926,0.9975,0.995,0.96332,0.99475,0.993,0.99376,0.99007,0.27128,0.98754,0.24908,0.09318,0.00013,0.08054,0.00534,0,0.00288,4.955e-05,4.955e-05,4.955e-05
93,7328.96,0.16758,0.04267,0.00206,0.05762,0.00397,0,0.00246,0.99934,0.9993,0.995,0.96351,0.99485,0.99481,0.99441,0.99075,0.27137,0.98791,0.24884,0.09328,0.00014,0.08211,0.00533,0,0.00289,4.46e-05,4.46e-05,4.46e-05
94,7380.73,0.16857,0.04294,0.00105,0.05963,0.00401,0,0.00247,0.99997,0.99892,0.995,0.96381,0.99547,0.99442,0.99446,0.99076,0.27128,0.98784,0.25464,0.09325,0.00013,0.08408,0.00544,0,0.00289,3.965e-05,3.965e-05,3.965e-05
95,7432.61,0.17197,0.04308,0.0012,0.05799,0.00407,0,0.00242,0.99641,1,0.99498,0.96659,0.99194,0.9955,0.9944,0.99055,0.27096,0.98806,0.25106,0.09304,0.00013,0.0823,0.00537,0,0.00289,3.47e-05,3.47e-05,3.47e-05
96,7484.53,0.1645,0.04152,0.00189,0.05648,0.0039,0,0.00246,0.99477,0.99977,0.99497,0.96264,0.9903,0.99527,0.99431,0.99047,0.27038,0.98806,0.25382,0.09278,0.00012,0.08395,0.00542,0,0.00288,2.975e-05,2.975e-05,2.975e-05
97,7536.52,0.16041,0.03912,0.00165,0.05573,0.0038,0,0.00235,0.99987,0.99871,0.995,0.96243,0.99649,0.99361,0.99443,0.99061,0.2703,0.98791,0.25056,0.09287,0.00012,0.08236,0.00537,0,0.00288,2.48e-05,2.48e-05,2.48e-05
98,7587.41,0.16383,0.04594,0.00106,0.05839,0.00391,0,0.00259,0.99826,0.99798,0.995,0.96425,0.99611,0.99251,0.99442,0.99057,0.27013,0.98814,0.24828,0.09283,0.00012,0.08178,0.00532,0,0.00288,1.985e-05,1.985e-05,1.985e-05
99,7638.06,0.15477,0.05182,0.00066,0.05379,0.00367,0,0.00234,0.99916,0.99964,0.995,0.96485,0.99466,0.99515,0.99453,0.99078,0.27015,0.98754,0.24755,0.09282,0.00012,0.08119,0.0053,0,0.00288,1.49e-05,1.49e-05,1.49e-05
100,7690.09,0.15801,0.05401,0.00076,0.055,0.00375,0,0.00247,0.9993,0.99779,0.995,0.96503,0.99586,0.99251,0.99458,0.99083,0.26979,0.98784,0.24751,0.09263,0.00012,0.08246,0.0053,0,0.00287,9.95e-06,9.95e-06,9.95e-06
